{
    "title":"Test game",
    "device":{
	
	"CPU":{ "part": "At328" },
	
	"Screen":{
	    "part" : "SSD1306",
	    "sck"  : "CPU.PORTB5",
	    "sda"  : "CPU.MOSI",
	    "cs"   : "CPU.PORTD4",
	    "dc"   : "CPU.PORTD6",
	    "res"   : "CPU.PORTD2"
	},
	
	"Speakers":{
	    "part" : "Speakers",
	    "ch1" : "CPU.PORTD5"
	},
	
	"Left":{ "part":"Button", "NC":"CPU.PORTC2" },
	"Right":{ "part":"Button", "NC":"CPU.PORTC1" },
	"Down":{ "part":"Button", "NC":"CPU.PORTC3" },
	"Up":{ "part":"Button", "NC":"CPU.PORTC0" },

	"A":{ "part":"Button", "NC":"CPU.PORTD7", "listen":["ControlLeft", "KeyZ"] },
	"B":{ "part":"Button", "NC":"CPU.PORTB0", "listen":["AltLeft", "KeyS", "KeyX"] }
    }
}